"System Idle Process","0","Services","0","8 K"
"System","4","Services","0","672 K"
"Secure System","88","Services","0","72,728 K"
"Registry","156","Services","0","157,880 K"
"smss.exe","576","Services","0","1,272 K"
"csrss.exe","840","Services","0","5,732 K"
"wininit.exe","936","Services","0","7,280 K"
"csrss.exe","944","Console","1","7,356 K"
"services.exe","1008","Services","0","11,956 K"
"LsaIso.exe","112","Services","0","3,836 K"
"lsass.exe","476","Services","0","27,876 K"
"svchost.exe","1052","Services","0","30,088 K"
"fontdrvhost.exe","1080","Services","0","8,020 K"
"WUDFHost.exe","1088","Services","0","15,032 K"
"svchost.exe","1180","Services","0","21,756 K"
"svchost.exe","1288","Services","0","8,988 K"
"winlogon.exe","1356","Console","1","13,032 K"
"fontdrvhost.exe","1440","Console","1","63,048 K"
"svchost.exe","1528","Services","0","5,696 K"
"svchost.exe","1548","Services","0","5,708 K"
"svchost.exe","1620","Services","0","10,652 K"
"svchost.exe","1628","Services","0","11,996 K"
"svchost.exe","1660","Services","0","21,928 K"
"svchost.exe","1724","Services","0","7,408 K"
"svchost.exe","1768","Services","0","10,748 K"
"svchost.exe","1776","Services","0","10,688 K"
"svchost.exe","1900","Services","0","8,516 K"
"dwm.exe","1968","Console","1","92,484 K"
"svchost.exe","1452","Services","0","12,564 K"
"svchost.exe","2100","Services","0","17,268 K"
"svchost.exe","2108","Services","0","6,368 K"
"svchost.exe","2116","Services","0","15,244 K"
"svchost.exe","2228","Services","0","10,764 K"
"svchost.exe","2288","Services","0","11,116 K"
"svchost.exe","2404","Services","0","6,692 K"
"svchost.exe","2456","Services","0","8,452 K"
"svchost.exe","2816","Services","0","11,072 K"
"svchost.exe","2856","Services","0","10,400 K"
"NVDisplay.Container.exe","2884","Services","0","22,308 K"
"svchost.exe","2988","Services","0","21,812 K"
"svchost.exe","2996","Services","0","6,248 K"
"svchost.exe","3008","Services","0","8,472 K"
"svchost.exe","3028","Services","0","7,520 K"
"svchost.exe","3112","Services","0","7,132 K"
"svchost.exe","3164","Services","0","9,068 K"
"svchost.exe","3224","Services","0","27,128 K"
"svchost.exe","3232","Services","0","9,264 K"
"svchost.exe","3240","Services","0","21,452 K"
"svchost.exe","3448","Services","0","6,804 K"
"NVDisplay.Container.exe","3664","Console","1","105,056 K"
"svchost.exe","3908","Services","0","16,444 K"
"svchost.exe","3972","Services","0","8,588 K"
"svchost.exe","4028","Services","0","8,136 K"
"svchost.exe","4140","Services","0","10,472 K"
"svchost.exe","4148","Services","0","6,836 K"
"svchost.exe","4172","Services","0","16,392 K"
"svchost.exe","4216","Services","0","13,080 K"
"svchost.exe","4404","Services","0","11,772 K"
"spoolsv.exe","4464","Services","0","45,808 K"
"svchost.exe","4680","Services","0","8,652 K"
"svchost.exe","4816","Services","0","6,092 K"
"mDNSResponder.exe","4940","Services","0","7,512 K"
"svchost.exe","4952","Services","0","18,588 K"
"svchost.exe","4964","Services","0","47,052 K"
"Everything.exe","4976","Services","0","7,892 K"
"OfficeClickToRun.exe","5024","Services","0","62,352 K"
"FNPLicensingService64.exe","5032","Services","0","11,276 K"
"FNPLicensingService.exe","5040","Services","0","9,556 K"
"svchost.exe","5136","Services","0","8,472 K"
"GigabyteUpdateService.exe","5152","Services","0","6,400 K"
"svchost.exe","5160","Services","0","17,316 K"
"ABService.exe","5176","Services","0","20,748 K"
"Kingdee.BOS.DeskClient.WinService.exe","5228","Services","0","34,516 K"
"srvstub.exe","5248","Services","0","3,716 K"
"sqlservr.exe","5256","Services","0","468,616 K"
"svchost.exe","5304","Services","0","7,192 K"
"jhi_service.exe","5316","Services","0","6,312 K"
"sqlbrowser.exe","5344","Services","0","6,048 K"
"sqlwriter.exe","5352","Services","0","18,152 K"
"ProcessGovernor.exe","5528","Services","0","15,672 K"
"launcher-x64.exe","5684","Services","0","6,008 K"
"svchost.exe","5736","Services","0","6,524 K"
"svchost.exe","5752","Services","0","8,560 K"
"svchost.exe","5820","Services","0","9,992 K"
"SWVisualize.BoostService.exe","5904","Services","0","275,244 K"
"svchost.exe","6044","Services","0","14,280 K"
"SWVisualize.Queue.Server.exe","6076","Services","0","55,300 K"
"svchost.exe","6664","Services","0","7,624 K"
"lmgrd.exe","6748","Services","0","6,872 K"
"conhost.exe","6840","Services","0","13,256 K"
"conhost.exe","6960","Services","0","13,304 K"
"lmgrd.exe","7052","Services","0","9,584 K"
"sw_d.exe","8","Services","0","13,148 K"
"svchost.exe","7644","Services","0","7,948 K"
"svchost.exe","7404","Services","0","17,780 K"
"svchost.exe","3016","Services","0","10,748 K"
"svchost.exe","8788","Services","0","9,000 K"
"sihost.exe","8636","Console","1","30,592 K"
"svchost.exe","8384","Console","1","28,372 K"
"svchost.exe","9220","Console","1","39,836 K"
"taskhostw.exe","9284","Console","1","17,132 K"
"bitsumsessionagent.exe","9292","Console","1","2,008 K"
"taskhostw.exe","9324","Console","1","18,520 K"
"svchost.exe","9432","Services","0","20,980 K"
"svchost.exe","9644","Services","0","13,836 K"
"svchost.exe","9672","Services","0","20,760 K"
"explorer.exe","9796","Console","1","227,544 K"
"dllhost.exe","10448","Services","0","13,844 K"
"TrafficMonitor.exe","9900","Console","1","35,188 K"
"svchost.exe","8988","Services","0","41,436 K"
"svchost.exe","10660","Console","1","23,740 K"
"StartMenuExperienceHost.exe","11000","Console","1","81,644 K"
"RuntimeBroker.exe","11184","Console","1","32,164 K"
"SearchApp.exe","8760","Console","1","205,300 K"
"RuntimeBroker.exe","11484","Console","1","38,148 K"
"RuntimeBroker.exe","11624","Console","1","22,024 K"
"svchost.exe","12032","Services","0","13,316 K"
"ctfmon.exe","12076","Console","1","41,224 K"
"TabTip.exe","12128","Console","1","18,040 K"
"TSVNCache.exe","12172","Console","1","12,272 K"
"TextInputHost.exe","11992","Console","1","66,900 K"
"HipsTray.exe","10276","Console","1","14,200 K"
"dopusrt.exe","14820","Console","1","10,600 K"
"flpidx.exe","15292","Console","1","21,216 K"
"conhost.exe","16140","Console","1","11,412 K"
"svchost.exe","16372","Services","0","6,720 K"
"AutoHotkey64.exe","15924","Console","1","18,464 K"
"rayburst.exe","15888","Console","1","63,540 K"
"flpidx.exe","16832","Console","1","181,388 K"
"conhost.exe","16860","Console","1","11,440 K"
"QuickLook.exe","17480","Console","1","242,412 K"
"aria2-next.exe","18348","Console","1","21,020 K"
"conhost.exe","18368","Console","1","11,376 K"
"BrYNSvc.exe","16320","Services","0","12,384 K"
"pythonw.exe","17888","Console","1","30,912 K"
"SearchTask.exe","16752","Console","1","39,948 K"
"conhost.exe","16756","Console","1","11,416 K"
"SearchTask.exe","11792","Console","1","97,016 K"
"conhost.exe","1612","Console","1","11,416 K"
"svchost.exe","16168","Services","0","14,292 K"
"svchost.exe","11860","Services","0","8,856 K"
"svchost.exe","13100","Services","0","13,200 K"
"wsctrlsvc.exe","18268","Services","0","8,912 K"
"ProcessLasso.exe","8976","Console","1","64,612 K"
"SogouImeLoader.exe","5244","Console","1","13,500 K"
"dllhost.exe","1480","Console","1","13,864 K"
"ZCode.exe","2284","Console","1","316,628 K"
"ZCode.exe","4724","Console","1","39,552 K"
"ZCode.exe","4244","Console","1","262,992 K"
"ZCode.exe","6968","Console","1","60,380 K"
"ZCode.exe","12400","Console","1","1,069,248 K"
"ZCode.exe","15928","Console","1","248,208 K"
"ZCode.exe","17396","Console","1","167,500 K"
"ZCode.exe","16164","Console","1","104,224 K"
"ZCode.exe","12700","Console","1","531,164 K"
"ZCode.exe","12804","Console","1","277,944 K"
"ZCode.exe","11104","Console","1","208,684 K"
"ZCode.exe","11076","Console","1","98,956 K"
"ZCode.exe","12780","Console","1","118,608 K"
"ZCode.exe","2352","Console","1","165,244 K"
"ZCode.exe","10112","Console","1","204,540 K"
"obscura.exe","16396","Console","1","6,172 K"
"conhost.exe","9908","Console","1","11,424 K"
"node.exe","16540","Console","1","95,564 K"
"conhost.exe","5984","Console","1","11,588 K"
"ZCode.exe","5604","Console","1","166,224 K"
"svchost.exe","14608","Services","0","24,712 K"
"svchost.exe","2980","Services","0","27,708 K"
"backgroundTaskHost.exe","18400","Console","1","27,764 K"
"svchost.exe","8716","Services","0","6,516 K"
"SogouCloud.exe","9232","Console","1","26,468 K"
"ShellExperienceHost.exe","2008","Console","1","138,856 K"
"RuntimeBroker.exe","11440","Console","1","34,608 K"
"dopus.exe","6656","Console","1","137,724 K"
"svchost.exe","18212","Services","0","11,376 K"
"ZCode.exe","20548","Console","1","238,676 K"
"wps.exe","20016","Console","1","114,640 K"
"dllhost.exe","12184","Console","1","17,800 K"
"AutoHotkey64.exe","22488","Console","1","42,520 K"
"svchost.exe","13536","Console","1","10,908 K"
"SystemSettingsBroker.exe","22340","Console","1","20,464 K"
"conhost.exe","19620","Console","1","13,836 K"
"bash.exe","21644","Console","1","8,144 K"
"smoke-m4a-bin.exe","22312","Console","1","46,216 K"
"GameViewerService.exe","18496","Services","0","12,092 K"
"crashpad_handler.exe","17020","Services","0","5,556 K"
"GameViewerServer.exe","17112","Console","1","95,936 K"
"GameViewerHealthd.exe","17104","Console","1","16,644 K"
"crashpad_handler.exe","15016","Console","1","6,936 K"
"crashpad_handler.exe","14900","Console","1","6,996 K"
"GameViewer.exe","15752","Console","1","93,096 K"
"crashpad_handler.exe","16876","Console","1","7,392 K"
"msedgewebview2.exe","15832","Console","1","138,052 K"
"msedgewebview2.exe","6988","Console","1","11,304 K"
"msedgewebview2.exe","21516","Console","1","61,984 K"
"msedgewebview2.exe","22420","Console","1","40,464 K"
"msedgewebview2.exe","13336","Console","1","21,732 K"
"msedgewebview2.exe","22792","Console","1","81,228 K"
"msedgewebview2.exe","20692","Console","1","52,192 K"
"svchost.exe","17492","Services","0","16,164 K"
"svchost.exe","17512","Services","0","12,164 K"
"HipsDaemon.exe","20232","Services","0","357,492 K"
"svchost.exe","20080","Services","0","12,248 K"
"uuyc-mux.exe","24136","Console","1","7,844 K"
"conhost.exe","8284","Console","1","13,924 K"
"conhost.exe","10600","Console","1","7,028 K"
"pwsh.exe","22988","Console","1","102,664 K"
"conhost.exe","7884","Console","1","7,032 K"
"pwsh.exe","24132","Console","1","92,852 K"
"ZCode.exe","24536","Console","1","256,364 K"
"obscura.exe","24128","Console","1","33,276 K"
"conhost.exe","14984","Console","1","11,748 K"
"node.exe","25440","Console","1","100,504 K"
"conhost.exe","5204","Console","1","11,932 K"
"obscura.exe","19420","Console","1","33,288 K"
"conhost.exe","10208","Console","1","11,748 K"
"node.exe","20580","Console","1","98,864 K"
"conhost.exe","25084","Console","1","11,944 K"
"obscura.exe","25096","Console","1","33,324 K"
"conhost.exe","14576","Console","1","11,752 K"
"node.exe","20648","Console","1","99,764 K"
"conhost.exe","24832","Console","1","11,948 K"
"obscura.exe","2492","Console","1","33,288 K"
"conhost.exe","6136","Console","1","11,752 K"
"node.exe","7172","Console","1","98,952 K"
"conhost.exe","2736","Console","1","11,948 K"
"obscura.exe","25164","Console","1","33,280 K"
"conhost.exe","21628","Console","1","11,756 K"
"node.exe","25392","Console","1","99,136 K"
"conhost.exe","25364","Console","1","11,948 K"
"obscura.exe","25108","Console","1","33,308 K"
"conhost.exe","24140","Console","1","11,760 K"
"node.exe","3788","Console","1","98,296 K"
"conhost.exe","23768","Console","1","11,952 K"
"AdAppMgrSvc.exe","24784","Services","0","21,560 K"
"obscura.exe","9860","Console","1","33,320 K"
"conhost.exe","18604","Console","1","11,760 K"
"node.exe","25544","Console","1","97,348 K"
"conhost.exe","24312","Console","1","11,960 K"
"obscura.exe","26328","Console","1","33,324 K"
"conhost.exe","2376","Console","1","11,768 K"
"node.exe","22428","Console","1","98,664 K"
"conhost.exe","11880","Console","1","11,960 K"
"ZCode.exe","24684","Console","1","175,900 K"
"dopusrt.exe","24976","Console","1","7,740 K"
"PayGuard.exe","9848","Services","0","58,504 K"
"crashpad_handler.exe","18984","Services","0","5,888 K"
"WmiPrvSE.exe","14156","Services","0","10,748 K"
"obscura.exe","10728","Console","1","33,304 K"
"conhost.exe","9540","Console","1","11,780 K"
"node.exe","14704","Console","1","98,860 K"
"conhost.exe","21984","Console","1","11,968 K"
"vctip.exe","18672","Console","1","56,188 K"
"WmiPrvSE.exe","4012","Services","0","11,068 K"
"svchost.exe","15636","Services","0","8,352 K"
"svchost.exe","17944","Services","0","8,576 K"
"backgroundTaskHost.exe","14424","Console","1","15,548 K"
"RuntimeBroker.exe","13768","Console","1","11,388 K"
"bash.exe","13220","Console","1","5,884 K"
"conhost.exe","14284","Console","1","13,992 K"
"bash.exe","25868","Console","1","10,500 K"
"bash.exe","12720","Console","1","8,712 K"
"tail.exe","22432","Console","1","4,920 K"
"bash.exe","19396","Console","1","7,144 K"
"tasklist.exe","15204","Console","1","9,652 K"
