idx,delta_ns
0,17197400
1,16921400
2,16177300
3,15683900
4,17511000
5,16945000
6,16334000
7,16837400
8,16272200
9,17351900
10,16564700
11,16933700
12,16400700
13,17288700
14,19750300
15,15094300
16,15633700
17,17211200
18,15296800
19,16629300
20,16079000
21,16669000
22,16810500
23,17126700
24,15771700
25,17216700
26,16149200
27,16647100
28,17239900
29,16614700
30,16015200
31,17562300
32,16814000
33,17201400
34,15407400
35,16493800
36,16713700
37,17077600
38,16956200
39,15887600
40,16505900
41,17562200
42,16859200
43,16104500
44,17223400
45,16147000
46,16805400
47,17542900
48,15665800
49,16617600
50,17575400
51,15060100
52,17247300
53,16802400
54,16589100
55,16374600
56,17162800
57,16386000
58,15823700
59,18742100
60,16056600
61,15919900
62,17665400
63,16439300
64,15874400
65,17799300
66,15735800
67,16392300
68,16342400
69,17670100
70,16231800
71,17322200
72,15972300
73,18278300
74,17723500
75,15638100
76,14946400
77,16594900
78,16805200
79,17649900
80,16878600
81,15421100
82,17174400
83,16762800
84,15532200
85,57570700
86,4417900
87,29899700
88,16143800
89,15935600
90,16453000
91,16319500
92,17539700
93,16914600
94,15798200
95,17365300
96,16775100
97,15975700
98,17595100
99,16339500
100,17010500
101,16470100
102,16261400
103,16756700
104,16994300
105,17472000
106,16313600
107,16270300
108,16156800
109,16253100
110,17762700
111,16446700
112,18966700
113,17191200
114,14367900
115,16311400
116,16899800
117,15807500
118,16060700
119,17125300
120,17804300
121,16126600
122,17133800
123,16342000
124,16315400
125,16439700
126,15933100
127,17191800
128,17553900
129,17117700
130,16249100
131,15900300
132,16804000
133,17670900
134,15620600
135,16382500
136,16792400
137,17727800
138,16671400
139,17078900
140,15712300
141,16954800
142,16789200
143,15990600
144,16910600
145,16651900
146,16224500
147,17276400
148,17021400
149,15782700
150,17414500
151,16388600
152,17155700
153,14928300
154,17558500
155,16535600
156,17767700
157,16707500
158,16060500
159,18156100
160,15497200
161,16252000
162,15795100
163,16576900
164,17799700
165,17052000
166,16110500
167,16342700
168,17188300
169,16150600
170,17207000
171,16278600
172,16993700
173,17314900
174,16183600
175,16924200
176,16589000
177,16714800
178,17084600
179,16847800
180,15711800
181,16571900
182,17301000
183,16674400
184,18528400
185,13821800
186,16929800
187,16723500
188,16446900
189,15742100
190,17147900
191,17528600
192,16320200
193,17073200
194,16249300
195,16533300
196,16429700
197,17193100
198,15780600
199,16981500
200,18585600
201,15323100
202,16497300
203,16396900
204,17063400
205,17209900
206,15601200
207,16288900
208,17574500
209,16591900
210,16700800
211,16622600
212,16443800
213,17210300
214,16954100
215,15505000
216,16450100
217,17093400
218,16768300
219,17571100
220,16322600
221,16121600
222,17146500
223,16591900
224,16851200
225,31637100
226,3933700
227,19679700
228,14029900
229,14885200
230,16251400
231,15778400
232,17896900
233,14960700
234,17198400
235,60351800
236,1731600
237,26995100
238,16212300
239,17134700
240,15053700
241,16175000
242,17320200
243,16613800
244,17405100
245,17650300
246,14650100
247,17050700
248,17018700
249,16543600
250,16718900
251,16474400
252,17001600
253,16899700
254,16940800
255,15456300
256,17109500
257,17243700
258,15371500
259,17601400
260,16838300
261,16814700
262,16500400
263,17174800
264,15809700
265,16858900
266,16860300
267,15772600
268,17415600
269,16188100
270,16393000
271,17131400
272,17184100
273,16667100
274,17178800
275,16544800
276,15606700
277,16095200
278,17201500
279,16382100
280,17209200
281,16422200
282,16563200
283,16544300
284,17797900
285,15397000
286,16973600
287,18292000
288,16088800
289,16245800
290,16252400
291,17435600
292,15957500
293,16817700
294,18714200
295,14731800
296,17343900
297,15863300
298,16978900
299,18747700
300,14148600
301,18919600
302,17589100
303,14321700
304,15963900
305,17455300
306,17167700
307,16188500
308,15811500
309,16428000
310,16587400
311,16334700
312,16915400
313,16735000
314,17896500
315,15578800
316,17014200
317,16866600
318,15944100
319,17755000
320,17542900
321,14185700
322,17670900
323,16677900
324,16511400
325,16633900
326,16306900
327,16592300
328,17883500
329,16461100
330,15509600
331,16598000
332,17977900
333,15236000
334,18286400
335,16785900
336,15765800
337,16969200
338,16217800
339,16237300
340,16975600
341,16700200
342,16481300
343,17634400
344,15763600
345,17453100
346,16606400
347,16316500
348,15898300
349,16452200
350,18125500
351,15861300
352,16858000
353,16491300
354,17593500
355,17313300
356,15773100
357,15818500
358,16259300
359,18924300
360,15817900
361,15789000
362,16987100
363,17079800
364,16098700
365,17198500
366,16409100
367,56249100
368,7850800
369,1623400
370,32329500
371,16224300
372,16689400
373,16226000
374,17050200
375,17651000
376,15872600
377,16954300
378,17493900
379,16642200
380,16383700
381,16297200
382,15818900
383,16435300
384,17614600
385,16381400
386,17466200
387,16227800
388,16240000
389,16287400
390,17037000
391,17045600
392,16343100
393,17227100
394,15733100
395,17351400
396,16560200
397,16131700
398,16848500
399,16371300
400,16957100
401,16382300
402,16720900
403,17240500
404,17071200
405,16891900
406,15933500
407,17191600
408,16047200
409,16441100
410,16065100
411,17746400
412,17075900
413,17586100
414,16209600
415,16595100
416,16665700
417,16347400
418,17070600
419,15937400
420,17163100
421,17486200
422,16909700
423,16620100
424,18585800
425,13748200
426,15502300
427,17184800
428,17198500
429,16813300
430,17382300
431,16074900
432,15564800
433,17077600
434,17355000
435,15749500
436,16458100
437,16602800
438,18439200
439,15236700
440,17783200
441,16016200
442,15763600
443,17614600
444,15881000
445,16009800
446,16917700
447,17093100
448,16828500
449,16410200
450,17079900
451,17353100
452,16297300
453,15989000
454,16537600
455,16610200
456,17004800
457,17510100
458,16085200
459,16987700
460,15817600
461,18505000
462,15361000
463,16382700
464,16603100
465,17495300
466,17215300
467,16694700
468,16156700
469,16726700
470,16810600
471,16610400
472,15843300
473,17633800
474,15800700
475,17031700
476,16535100
477,16532500
478,16824200
479,16534900
480,16259100
481,16119200
482,17305700
483,16601300
484,17356300
485,16088400
486,17141300
487,16434500
488,16838900
489,16553000
490,16627100
491,15902300
492,17616300
493,15925100
494,17249200
495,15794800
496,17982500
497,15986700
498,16683900
499,15677800
500,17656900
501,16066900
502,17406100
503,16632000
504,16652600
505,16371700
506,17605500
507,16028000
508,15703200
509,16938000
510,17794600
511,16673400
512,16220200
513,16711100
514,16415000
515,16876800
516,16350000
517,16091600
518,22321700
519,14464900
520,16272000
521,14697800
522,16467300
523,16495100
524,17129900
525,16584300
526,16445300
527,16226800
528,17272700
529,16120500
530,16992400
531,16835300
532,16930600
533,16527000
534,17370200
535,15311800
536,17063000
537,16997700
538,16751600
539,15962700
540,18174500
541,15777300
542,17716800
543,16826100
544,17367800
545,14190100
546,17436900
547,15898400
548,17128600
549,15766100
550,16984000
551,16717700
552,17227900
553,16353300
554,16455000
555,18768600
556,15479500
557,16159200
558,16637200
559,16886900
560,16322800
561,17029600
562,16473800
563,16214500
564,16471000
565,17383400
566,16655300
567,16946400
568,15764100
569,16766600
570,17273600
571,16245300
572,16705700
573,16762700
574,16333100
575,17120100
576,16997500
577,16409400
578,15867800
579,17071600
580,16133200
581,17015300
582,17257300
583,16305400
584,18093000
585,15778100
586,16291800
587,16838400
588,16951500
589,16128100
590,16009900
591,17026300
592,16430400
593,17727600
594,16471300
595,16027500
596,17455100
597,16426500
598,16580800
599,17695600
600,15866000
601,16123800
602,16585600
603,16739500
604,16250100
605,17132700
606,16881400
607,15741100
608,17308500
609,16187800
610,17361400
611,16571100
612,17083000
613,17339500
614,16715700
615,15667600
616,16062300
617,16678000
618,17134700
619,15721500
620,17946700
621,16888500
622,16246900
623,16813200
624,16801800
625,16369000
626,16638600
627,16921200
628,16506700
629,18466700
630,15189800
631,16642400
632,16940300
633,16895800
634,15727600
635,15975900
636,17471600
637,17140700
638,16134900
639,16378900
640,16562300
641,18008400
642,16510400
643,15303000
644,17729600
645,16689100
646,15759300
647,17091100
648,17562600
649,15954700
650,17349700
651,16309500
652,16435100
653,32941200
654,1838300
655,20392400
656,20789400
657,11338400
658,14451300
659,15861400
660,16805500
661,15541900
662,17009700
663,16227100
664,16268900
665,17063900
666,17169800
667,19784500
668,12573800
669,17891100
670,15603100
671,16197300
672,16831600
673,17718200
674,16030000
675,16782500
676,17127800
677,16783200
678,17095600
679,16051300
680,17148600
681,15260200
682,16986800
683,17027300
684,16492600
685,16930000
686,16361800
687,16809800
688,16110500
689,16976700
690,16663900
691,17670400
692,16898600
693,17328500
694,15353900
695,17066900
696,16865500
697,15815600
698,16503900
699,16016000
700,16971800
701,17237000
702,16540400
703,16035400
704,17414300
705,15614000
706,16487700
707,16961800
708,17403000
709,16841600
710,16951400
711,15709200
712,16945200
713,16501800
714,16795000
715,16590400
716,16599700
717,18028900
718,16006000
719,16550500
720,16532900
721,16584300
722,16221300
723,17111900
724,16645400
725,16578200
726,16806300
727,16097700
728,17391400
729,17459900
730,15355600
731,17182900
732,16613400
733,16983100
734,15901700
735,18055300
736,16250600
737,15900600
738,17426500
739,16680000
740,16643100
741,16190500
742,15558400
743,17383700
744,18516200
745,15011800
746,17403100
747,15952200
748,16742300
749,17009100
750,16246500
751,19673700
752,13679700
753,17982500
754,15012000
755,17456100
756,16112100
757,18115500
758,15156900
759,16740000
760,16160100
761,16514300
762,17299500
763,16765700
764,17117100
765,16325800
766,20146800
767,13734200
768,17579000
769,14638800
770,16707800
771,17571600
772,16360200
773,16191000
774,17218500
775,16047600
776,17096200
777,17045500
778,15834400
779,16933200
780,18134800
781,16260400
782,16269100
783,16402100
784,16591600
785,16791800
786,16483100
787,18278600
788,14709100
789,15904900
790,17190300
791,16762100
792,17178600
793,17140800
794,15831300
795,16386200
796,16738700
797,16729500
798,18458900
799,15735300
800,16647300
801,16639500
802,15723500
803,16659100
804,16898100
805,16251200
806,46951000
807,1469300
808,31254500
809,16567000
810,16535100
811,16264800
812,16266800
813,16766500
814,17777500
815,15653900
816,16963500
817,16331000
818,17912800
819,16308400
820,15977400
821,15903700
822,16237200
823,17016100
824,16944600
825,16214500
826,17148200
827,16868200
828,16288700
829,18128200
830,15146500
831,16349600
832,18079700
833,17018600
834,15364000
835,17781900
836,16355200
837,15915700
838,17403100
839,15654000
840,16326000
841,19083500
842,16210600
843,15477200
844,17338000
845,16386600
846,16514500
847,17320200
848,15214400
849,17129200
850,17210100
851,16208600
852,16291600
853,16646700
854,16592500
855,16711800
856,17540200
857,16178000
858,15948600
859,17275700
860,17016600
861,16620300
862,17467800
863,16395100
864,16385300
865,17273900
866,15338300
867,16338900
868,19096200
869,15144500
870,15937100
871,17312000
872,17955200
873,16903600
874,15826500
875,16864600
876,15626900
877,17298100
878,16600100
879,16825800
880,16904100
881,15867900
882,16503700
883,17482300
884,16158700
885,16801700
886,16366300
887,16659600
888,16919900
889,16337600
890,17041400
891,18785800
892,14076100
893,17203300
894,18251100
895,15394900
896,16405600
897,17069400
898,16738100
899,16524200
900,16415400
901,16004100
902,16690600
903,16885300
904,16907100
905,19543300
906,13630000
907,17002200
908,17099500
909,16146400
910,18193000
911,15702800
912,15648700
913,17764200
914,15763100
915,16285000
916,17771800
917,16186100
918,16628300
919,15473500
920,17186100
921,17199700
922,16962600
923,15977300
924,16880600
925,17122500
926,16062400
927,16699800
928,16775000
929,16212300
930,16903400
931,17481500
932,17252700
933,16082700
934,15694900
935,16580900
936,17541700
937,15778600
938,34939500
939,4983600
940,32964100
941,3725600
942,28959700
943,15852200
944,17869800
945,15487700
946,17202500
947,17309300
948,15961300
949,16779000
950,17685400
951,16724900
952,16431400
953,16019400
954,16472100
955,16792400
956,16484700
957,15964900
958,18422300
959,16768600
960,14689500
961,17720500
962,17320800
963,14617300
964,17011400
965,17223600
966,17139300
967,16883100
968,17048500
969,16500300
970,15409500
971,17102900
972,15987800
973,16920900
974,17902500
975,15431600
976,16942200
977,18282000
978,15137900
979,17312100
980,15959100
981,16158800
982,16830300
983,20764800
984,14141100
985,16897300
986,15518900
987,16365800
988,16680700
989,17266700
990,15663200
991,16527000
992,17827600
993,16179300
994,16452500
995,17300500
996,16623100
997,15577300
998,16559600
999,17051900
1000,17612800
1001,17286600
1002,16962900
1003,16550100
1004,16542600
1005,16589300
1006,16969100
1007,15884900
1008,15954700
1009,17436700
1010,16463200
1011,16599000
1012,17139400
1013,15736700
1014,17107800
1015,16701800
1016,17106100
1017,16157000
1018,19593800
1019,14321600
1020,16437100
1021,17071400
1022,15362300
1023,16721500
1024,17964600
1025,16956400
1026,14951400
1027,17576700
1028,15798400
1029,16917500
1030,16553900
1031,16507300
1032,17123400
1033,16719300
1034,15837300
1035,17180900
1036,17033800
1037,16421100
1038,17324700
1039,16364300
1040,16171400
1041,16859300
1042,16282700
1043,17008700
1044,16630700
1045,17316400
1046,16920600
1047,16660500
1048,17420100
1049,15755700
1050,16551900
1051,16294000
1052,15884500
1053,17363800
1054,16038200
1055,17044300
1056,16780500
1057,16711000
1058,16829400
1059,17547900
1060,15617600
1061,16115400
1062,16474700
1063,19372100
1064,16715200
1065,15460100
1066,16481100
1067,15810200
1068,17286500
1069,15524300
1070,17109400
1071,16339400
1072,16591700
1073,17299800
1074,18257800
1075,16086500
1076,16539500
1077,18024900
1078,15650500
1079,18263000
1080,14023100
1081,16226000
1082,17745100
1083,17013500
1084,15306600
1085,17955500
1086,16563100
1087,18633600
1088,14089300
1089,17025500
1090,20197300
1091,28231700
1092,5503800
1093,12467200
1094,17415500
1095,16787000
1096,15184100
1097,16624600
1098,16563000
1099,17221200
1100,17048100
1101,16364700
1102,16976000
1103,16158800
1104,17197800
1105,16454100
1106,16432500
1107,16344500
1108,16532400
1109,18395000
1110,16063800
1111,17341000
1112,15667500
1113,16340600
1114,17170200
1115,15852000
1116,16257500
1117,17033700
1118,17513300
1119,16695700
1120,16411400
1121,16985400
1122,16150900
1123,16679600
1124,16925100
1125,16926300
1126,15580500
1127,17647100
1128,15656700
1129,18077600
1130,16557000
1131,16284500
1132,16865700
1133,15634200
1134,17979300
1135,15903200
1136,18003100
1137,16189100
1138,16700300
1139,17116200
1140,15026000
1141,18496200
1142,16431000
1143,18472700
1144,14575200
1145,16567500
1146,15247200
1147,19131900
1148,17823500
1149,13581400
1150,17386200
1151,16283100
1152,16163000
1153,16752900
1154,16539600
1155,21116200
1156,15816500
1157,17318700
1158,20366200
1159,10762200
1160,16681700
1161,17630200
1162,16102900
1163,16991200
1164,15409100
1165,21536900
1166,10865800
1167,16266500
1168,17293500
1169,15563000
1170,16510400
1171,18337500
1172,16439600
1173,16517800
1174,16472900
1175,16953300
1176,16377600
1177,16766400
1178,15697800
1179,17197100
1180,16898800
1181,16259500
1182,16494600
1183,17055800
1184,16648200
1185,16547300
1186,17054500
1187,16391400
1188,15890600
1189,17973100
1190,15994100
1191,16642600
1192,17171300
1193,25145500
1194,11617500
1195,16053200
1196,13418400
1197,17131800
1198,16047800
1199,17171800
1200,17791900
1201,14823200
1202,17287500
1203,17396700
1204,16222500
1205,15748500
1206,16263800
1207,18130100
1208,19772500
1209,12662400
1210,16817200
1211,16233700
1212,16933300
1213,17246800
1214,15506000
1215,17910000
1216,16106000
1217,17864400
1218,15803600
1219,16445300
1220,17227100
1221,16826900
1222,15599900
1223,16484000
1224,81121500
1225,5634000
1226,18134400
1227,17333500
1228,15112900
1229,16927400
1230,17131900
1231,17701600
1232,15805800
1233,16638900
1234,17052600
1235,16700600
1236,16507900
1237,15992700
1238,16560600
1239,17053100
1240,16897400
1241,17338800
1242,16885500
1243,15745600
1244,16401800
1245,17448400
1246,16138100
1247,15898400
1248,16741100
1249,16461900
1250,16695500
1251,17556300
1252,16957800
1253,16960100
1254,16162200
1255,16805300
1256,15774200
1257,16342100
1258,17007200
1259,17133100
1260,16787200
1261,17201100
1262,16169300
1263,16861300
1264,19468200
1265,13977100
1266,15653600
1267,17817800
1268,15887800
1269,17056400
1270,16438900
1271,17670800
1272,16375800
1273,16152700
1274,16760400
1275,17575000
1276,15299200
1277,18257800
1278,15013700
1279,16749600
1280,17627900
1281,16446600
1282,17571800
1283,14612100
1284,17736700
1285,15690800
1286,17624100
1287,16366500
1288,16426200
1289,16192100
1290,17404800
1291,16626700
1292,16417200
1293,18771700
1294,14466800
1295,17177000
1296,16442000
1297,16861200
1298,17838600
1299,14329800
1300,17697000
1301,15800500
1302,17007900
1303,16900800
1304,16896800
1305,16398500
1306,17668600
1307,15439600
1308,16532600
1309,16272000
1310,17293500
1311,17491400
1312,16068300
1313,17538800
1314,16208900
1315,17496400
1316,16163100
1317,15960000
1318,17278900
1319,15110300
1320,17368000
1321,16882200
1322,16626000
1323,16306800
1324,17652200
1325,16724200
1326,16550800
1327,16389200
1328,16328600
1329,17660800
1330,16513200
1331,16618700
1332,17162300
1333,15164900
1334,17308600
1335,19514400
1336,12614200
1337,16853300
1338,18033300
1339,17360200
1340,16117400
1341,15856600
1342,17014800
1343,16729100
1344,16206400
1345,16009900
1346,16896000
1347,19162200
1348,15377400
1349,16692400
1350,16667700
1351,15965000
1352,15748400
1353,17945400
1354,15450900
1355,17060000
1356,17550000
1357,16332500
1358,16313300
1359,16940300
1360,16646200
1361,15357700
1362,17380900
1363,16543000
1364,16350700
1365,17078400
1366,17272000
1367,17342200
1368,15880400
1369,16968300
1370,16007400
1371,16722600
1372,16459100
1373,37514500
1374,3257700
1375,14998800
1376,12214200
1377,16662400
1378,16125300
1379,16524000
1380,16693900
1381,17129600
1382,15346200
1383,18161200
1384,18197800
1385,15973100
1386,16141800
1387,15856700
1388,15660200
1389,17859800
1390,16341700
1391,16567200
1392,16462800
1393,16275900
1394,18859000
1395,16052000
1396,16081900
1397,16595000
1398,16536300
1399,16099000
1400,17731200
1401,16011500
1402,17358300
1403,17496800
1404,15805800
1405,15783600
1406,16884600
1407,16751800
1408,15752500
1409,17003900
1410,16899300
1411,16246200
1412,17806400
1413,16063500
1414,16113700
1415,17590000
1416,16090200
1417,16138400
1418,16713000
1419,17846200
1420,16108200
1421,16989100
1422,16511200
1423,15934800
1424,16623600
1425,16732000
1426,16687800
1427,16653900
1428,17064800
1429,16159600
1430,16785000
1431,17305900
1432,18043500
1433,14682000
1434,17574400
1435,16669000
1436,15501500
1437,17434200
1438,16802100
1439,17188700
1440,16010900
1441,16773000
1442,16380600
1443,16167100
1444,16871700
1445,17016900
1446,17691300
1447,16843600
1448,17875800
1449,15387000
1450,15650700
1451,16813800
1452,16223300
1453,16889700
1454,17988300
1455,15096400
1456,16591700
1457,16579500
1458,16329300
1459,17801100
1460,15875200
1461,17272100
1462,17691200
1463,15383700
1464,16472000
1465,16506400
1466,17363600
1467,15853000
1468,18338700
1469,16160600
1470,16511500
1471,16641700
1472,16609900
1473,20272900
1474,13960800
1475,17211400
1476,15940400
1477,17506500
1478,16055800
1479,15151700
1480,16245900
1481,17464100
1482,16958600
1483,16274800
1484,16969800
1485,15766500
1486,17815700
1487,17824800
1488,15187000
1489,16791600
1490,20584400
1491,13580900
1492,15817200
1493,17845200
1494,14782800
1495,16692000
1496,18022000
1497,16622000
1498,15381000
1499,16256400
1500,17548800
1501,19492900
1502,15921100
1503,14571100
1504,17339300
1505,15878000
1506,17937000
1507,15017100
1508,30872100
1509,33858100
1510,13212300
1511,19348000
1512,17072500
1513,17298100
1514,15698100
1515,17002400
1516,17446600
1517,16238800
1518,16147000
1519,17320000
1520,16823000
1521,17193400
1522,18287100
1523,13408800
1524,16694000
1525,17192200
1526,16687300
1527,16212400
1528,16993100
1529,22313300
1530,12222200
1531,19292500
1532,12544900
1533,17453400
1534,15885800
1535,19301900
1536,15923500
1537,17615800
1538,17164800
1539,16807400
1540,14030900
1541,18917800
1542,13838300
1543,18522300
1544,15344300
1545,15256400
1546,17349100
1547,17243400
1548,16990300
1549,15720100
1550,16607900
1551,16302300
1552,17093900
1553,17385700
1554,17820800
1555,16076900
1556,16121600
1557,16898800
1558,17243800
1559,15890800
1560,15849900
1561,18356000
1562,16499600
1563,16648000
1564,16253700
1565,16408500
1566,18976900
1567,14564500
1568,15434200
1569,17608900
1570,17241200
1571,15673200
1572,17711300
1573,14815600
1574,17490500
1575,16681000
1576,16547200
1577,15877800
1578,16926700
1579,17999600
1580,15373100
1581,17250100
1582,17463100
1583,17003300
1584,15882200
1585,16180500
1586,16328800
1587,16973100
1588,16794300
1589,16090500
1590,16725400
1591,17336600
1592,17230100
1593,16567800
1594,16626500
1595,16305800
1596,15795400
1597,17523700
1598,17024900
1599,15909100
1600,16577200
1601,17692500
1602,16421300
1603,16475500
1604,15729100
1605,16864900
1606,16883200
1607,17437600
1608,16667000
1609,15855200
1610,16811700
1611,16447200
1612,16965900
1613,16663500
1614,17200700
1615,18368400
1616,15501300
1617,16371300
1618,16234800
1619,16466500
1620,16821400
1621,17073000
1622,17139200
1623,14619400
1624,17024500
1625,16531900
1626,17004800
1627,17156400
1628,16442000
1629,16340200
1630,16746400
1631,16318300
1632,17038300
1633,16387600
1634,17810500
1635,16846000
1636,16447300
1637,16309700
1638,16498600
1639,17050000
1640,16290600
1641,16804600
1642,17549700
1643,15975200
1644,16830400
1645,15973200
1646,16558100
1647,16749000
1648,18472800
1649,14928300
1650,16968700
1651,17346600
1652,16465400
1653,17544800
1654,16757600
1655,16568900
1656,15535000
1657,16816400
1658,17089600
1659,83322300
1660,2144900
1661,29815500
1662,16560800
1663,20017600
1664,14278700
1665,15931600
1666,16097000
1667,18812300
1668,14639600
1669,16542600
1670,16580000
1671,16456100
1672,17620300
1673,15278400
1674,17307500
1675,15799600
1676,18057100
1677,16432100
1678,15857000
1679,17397600
1680,16871400
1681,17154800
1682,16968400
1683,17052700
1684,16223500
1685,15751500
1686,15719700
1687,17824300
1688,16524000
1689,15557300
1690,16601000
1691,17044200
1692,16593000
1693,17716000
1694,16364400
1695,16331900
1696,17833200
1697,15354300
1698,18783500
1699,15389000
1700,16061900
1701,17639500
1702,19509700
1703,13964500
1704,15861600
1705,20323200
1706,14144700
1707,16769200
1708,15159100
1709,17181700
1710,15817500
1711,16920400
1712,17190300
1713,16716900
1714,17174600
1715,16310000
1716,16686100
1717,15664500
1718,18600800
1719,15657700
1720,16442400
1721,16064000
1722,17113400
1723,16977300
1724,16624300
1725,15811300
1726,16833800
1727,16228800
1728,17692200
1729,16066600
1730,16936100
1731,17918200
1732,16329900
1733,15980400
1734,16782400
1735,15672200
1736,16611400
1737,16869200
1738,16826700
1739,16894200
1740,16853100
1741,16598500
1742,17038900
1743,15643400
1744,16395100
1745,17202700
1746,17204200
1747,17194800
1748,15684500
1749,17233200
1750,16693200
1751,16418300
1752,16707300
1753,16117700
1754,16925500
1755,16956600
1756,16657200
1757,16204300
1758,16533700
1759,16815100
1760,17546100
1761,16095200
1762,16689900
1763,16830000
1764,17107600
1765,16482900
1766,15976600
1767,16953700
1768,16418100
1769,17367800
1770,17102300
1771,14958300
1772,17797000
1773,16894600
1774,15854700
1775,17156300
1776,17363200
1777,17581500
1778,17467100
1779,14800600
1780,15430000
1781,16936000
1782,17183200
1783,15714500
1784,16645500
1785,17061800
1786,16201000
1787,17415400
1788,15800400
1789,35104300
1790,1798700
1791,35547900
1792,16864300
1793,20950000
1794,9683500
1795,16838500
1796,21144100
1797,18614500
1798,9627100
1799,15844000
1800,16467200
1801,15746900
1802,17474600
1803,17644700
1804,16227700
1805,17660400
1806,14708000
1807,17894300
1808,16246400
1809,16566100
1810,16216900
1811,17844600
1812,16026800
1813,16584300
1814,16127100
1815,19837900
1816,13287100
1817,17951800
1818,16693900
1819,14535000
1820,17829900
1821,16617400
1822,15778800
1823,16807500
1824,16086800
1825,16683400
1826,18266200
1827,15615300
1828,17498900
1829,16443100
1830,17325800
1831,15279400
1832,16630100
1833,16273300
1834,17134100
1835,17573400
1836,16120600
1837,17782600
1838,16872500
1839,15678500
1840,17102600
1841,15770400
1842,16738400
1843,16592200
1844,16634400
1845,18327500
1846,15216300
1847,17286000
1848,16048600
1849,17626000
1850,16014600
1851,15899300
1852,17632800
1853,16245700
1854,17161200
1855,16831300
1856,15789700
1857,17368600
1858,16884200
1859,15993800
1860,17137100
1861,18670600
1862,15677700
1863,15999600
1864,15814000
1865,16612000
1866,16717100
1867,16570200
1868,16562900
1869,15897800
1870,17876600
1871,16613400
1872,16626300
1873,16414600
1874,16140000
1875,17835600
1876,16486900
1877,15825600
1878,17562000
1879,17379500
1880,16187800
1881,15473400
1882,16974200
1883,16678400
1884,17058300
1885,16399300
1886,16423700
1887,16644200
1888,18052400
1889,16210000
1890,16720300
1891,15526900
1892,16848900
1893,16898300
1894,17277200
1895,15978900
1896,16923300
1897,16881600
1898,15788300
1899,18571000
1900,15224000
1901,16500500
1902,16952700
1903,16286200
1904,16810100
1905,17126600
1906,15956700
1907,17913200
1908,15859100
1909,19209700
1910,14727200
1911,16645300
1912,17846100
1913,16259400
1914,18255400
1915,16249300
1916,14269800
1917,17264700
1918,15768400
1919,16839700
1920,17998600
1921,15415700
1922,16454700
1923,17868400
1924,17261300
1925,18122400
1926,14638800
1927,17192800
1928,15229800
1929,17912700
1930,15014200
1931,16252100
1932,17535600
1933,17019900
1934,16317300
1935,15804400
1936,16775400
1937,17448900
1938,15617800
1939,17339500
1940,15684100
1941,17264600
1942,16892500
1943,17488600
1944,17182100
1945,16200400
1946,16225400
1947,16708600
1948,15533300
1949,30205900
1950,25138300
1951,8416800
1952,4075300
1953,18235500
1954,14933100
1955,16889300
1956,17373900
1957,14677300
1958,17408300
1959,16378800
1960,16902600
1961,18248600
1962,16878300
1963,14448700
1964,17575900
1965,17280400
1966,15156200
1967,17757800
1968,16113600
1969,16768000
1970,16784300
1971,16420000
1972,16223500
1973,17658400
1974,16613600
1975,16460200
1976,16446900
1977,16550600
1978,17233700
1979,17163400
1980,15828100
1981,17872800
1982,16316400
1983,15328600
1984,16638600
1985,17068600
1986,16387300
1987,17143800
1988,16344800
1989,17040400
1990,16448600
1991,17037000
1992,15900900
1993,18016500
1994,16502600
1995,17477000
1996,14818300
1997,17346500
1998,16283800
1999,17102100
2000,17243600
2001,16012000
2002,15616800
2003,17351200
2004,16111500
2005,17450800
2006,16184100
2007,16704700
2008,17771100
2009,16222400
2010,17167000
2011,15833500
2012,16396800
2013,16461200
2014,16824400
2015,16661700
2016,16640600
2017,17538200
2018,15843900
2019,16914000
2020,16097500
2021,17261500
2022,16874700
2023,16781800
2024,17301900
2025,17640400
2026,15227100
2027,18143100
2028,14997900
2029,16143500
2030,16294800
2031,16112800
2032,18073800
2033,16926200
2034,16114100
2035,17052300
2036,16828600
2037,16467500
2038,16736000
2039,16326900
2040,16167400
2041,18453400
2042,16930400
2043,16284000
2044,16106300
2045,16183500
2046,16695900
2047,15948200
2048,17421300
2049,15376600
2050,17395300
2051,16327200
2052,16901000
2053,17117800
2054,16961400
2055,16638900
2056,16621100
2057,15477200
2058,18132900
2059,17300600
2060,15683700
2061,15696700
2062,17364200
2063,16829000
2064,16287500
2065,16452900
2066,16935600
2067,16765200
2068,16537100
2069,16456800
2070,16833600
2071,16824200
2072,16848900
2073,16685800
2074,16534400
2075,42771400
2076,3595900
2077,18095500
2078,10971500
2079,7566000
2080,17893600
2081,16099000
2082,16080000
2083,17387900
2084,15817800
2085,17412000
2086,16239000
2087,18077800
2088,14844100
2089,17265300
2090,17546400
2091,15763900
2092,16378800
2093,17313900
2094,16507700
2095,16651500
2096,16510300
2097,16668500
2098,16854900
2099,16738800
2100,15604900
2101,16603900
2102,16560500
2103,18845500
2104,15167700
2105,17222000
2106,16549900
2107,16422000
2108,16630100
2109,16405100
2110,20011800
2111,13021700
2112,17634000
2113,15895400
2114,17576600
2115,17841900
2116,15323800
2117,17624700
2118,15635100
2119,15618200
2120,17127100
2121,16845500
2122,16553400
2123,16726300
2124,16621600
2125,16567500
2126,17346000
2127,16556500
2128,16717300
2129,17421400
2130,17221800
2131,15296500
2132,16920700
2133,17530500
2134,15279400
2135,16731600
2136,16997800
2137,16555900
2138,15739500
2139,17541900
2140,16370100
2141,16314300
2142,16993100
2143,17403800
2144,15863200
2145,17615700
2146,15193100
2147,17258300
2148,16944100
2149,16447000
2150,17217100
2151,16406300
2152,18284300
2153,15477500
2154,16074000
2155,16827500
2156,16069500
2157,17989700
2158,16454300
2159,16718400
2160,16523100
2161,75430700
2162,2200400
2163,2583700
2164,16679700
2165,19172000
2166,14104500
2167,16726300
2168,16152100
2169,16484500
2170,16173200
2171,16141300
2172,17108600
2173,16988500
2174,16744400
2175,17214900
2176,16397700
2177,17486300
2178,15766200
2179,16162400
2180,16383300
2181,16580600
2182,17212600
2183,16567100
2184,16514900
2185,16706100
2186,17459900
2187,16319400
2188,16323200
2189,16839400
2190,16456500
2191,18362300
2192,15862900
2193,16075600
2194,17042300
2195,16776500
2196,16445500
2197,17027700
2198,15386400
2199,16621200
2200,17538200
2201,16049300
2202,17539400
2203,16271700
2204,17359500
2205,15881000
2206,17204500
2207,16923600
2208,15582200
2209,17108500
2210,16794400
2211,16080800
2212,17712000
2213,17053800
2214,16308200
2215,16910400
2216,15240300
2217,17174000
2218,16570500
2219,16572400
2220,17239900
2221,17941700
2222,15913400
2223,15654500
2224,16187300
2225,16688100
2226,17341700
2227,16813300
2228,16715200
2229,16513500
2230,16819900
2231,16174800
2232,16870300
2233,16036800
2234,32479700
2235,1495000
2236,27254800
2237,10397900
2238,13398700
2239,16366400
2240,15742100
2241,17796900
2242,15704900
2243,16042900
2244,16512200
2245,17816300
2246,17366500
2247,15733200
2248,17134700
2249,16289400
2250,17065900
2251,16442800
2252,17387300
2253,16565400
2254,16084900
2255,16878200
2256,16906000
2257,15780600
2258,16898400
2259,16283500
2260,16443300
2261,16921400
2262,15923100
2263,17552100
2264,16805700
2265,16651000
2266,16236700
2267,17094100
2268,17606600
2269,15736900
2270,16166100
2271,16699900
2272,17830300
2273,15991300
2274,17317900
2275,16392200
2276,16716400
2277,17142200
2278,15901600
2279,16189100
2280,16572100
2281,17445900
2282,17039900
2283,17306000
2284,15844900
2285,15601400
2286,17648400
2287,15631400
2288,16730300
2289,16802300
2290,17611700
2291,15752600
2292,16461600
2293,17655000
2294,16178300
2295,16526600
2296,17774800
2297,16020400
2298,15580800
2299,17768800
2300,16599100
2301,16384800
2302,15969600
2303,17363600
2304,16959700
2305,16007900
2306,16403100
2307,16308100
2308,18294800
2309,15465900
2310,16841500
2311,18404600
2312,16614300
2313,14551300
2314,17536900
2315,16329800
2316,16669300
2317,17497700
2318,16118300
2319,16311400
2320,17616700
2321,15995800
2322,16369200
2323,17398000
2324,15522800
2325,17704500
2326,17586600
2327,16274900
2328,15655000
2329,17495200
2330,15657300
2331,17120600
2332,16749500
2333,16059200
2334,16284200
2335,18235100
2336,15540100
2337,17522500
2338,17179800
2339,15620200
2340,17306100
2341,16890800
2342,16785900
2343,15275100
2344,16987600
2345,16854600
2346,17336200
2347,16268500
2348,16301400
2349,16589200
2350,17136400
2351,16203600
2352,16246200
2353,17125100
2354,16434100
2355,16477200
2356,17721500
2357,17581900
2358,15953600
2359,16686000
2360,16122500
2361,57566000
2362,7799000
2363,30717900
2364,13351300
2365,15042100
2366,16997600
2367,15895700
2368,16942100
2369,17090900
2370,16987700
2371,15777100
2372,19838700
2373,13892600
2374,15873000
2375,16850300
2376,16700800
2377,16194600
2378,17491500
2379,17330000
2380,16903000
2381,15999300
2382,16816500
2383,15706300
2384,17584100
2385,15434500
2386,17414800
2387,16621100
2388,16441300
2389,17467300
2390,16144100
2391,16496800
2392,17108300
2393,17423000
2394,16247300
2395,16767000
2396,15975100
2397,17025800
2398,16317300
2399,16328500
2400,16979700
2401,17457100
2402,15648200
2403,16717300
2404,16449000
2405,17345200
2406,17163100
2407,16543200
2408,16990600
2409,16221100
2410,16496100
2411,16959300
2412,15883100
2413,16809900
2414,17510900
2415,16348400
2416,16193200
2417,17069000
2418,16667800
2419,16533300
2420,15948500
2421,16618500
2422,16217300
2423,19245400
2424,14087800
2425,17627200
2426,16333800
2427,16812000
2428,16430700
2429,16757200
2430,16425300
2431,17129500
2432,16730900
2433,16565400
2434,16817700
2435,16172500
2436,18301600
2437,17369500
2438,15238200
2439,16091600
2440,16227900
2441,17278700
2442,17221300
2443,16145900
2444,17015900
2445,16680700
2446,17033100
2447,15515800
2448,16639900
2449,16818300
2450,17502700
2451,16362000
2452,16113900
2453,17775300
2454,15843800
2455,16954600
2456,16964600
2457,15713600
2458,16972900
2459,18352800
2460,14982100
2461,16325100
2462,17560400
2463,19152500
2464,13811100
2465,16147300
2466,16412800
2467,16782600
2468,17423100
2469,16688000
2470,16904100
2471,15869500
2472,17156500
2473,16605600
2474,16693100
2475,16399500
2476,15813200
2477,17614300
2478,16632300
2479,16877700
2480,16361000
2481,16530300
2482,17331100
2483,18493700
2484,14392800
2485,16635600
2486,17313600
2487,16036500
2488,17492900
2489,17925100
2490,15499700
2491,16265400
2492,16085700
2493,16094300
2494,16926600
2495,17239800
2496,16690400
2497,16741700
2498,17515300
2499,15442400
2500,17669100
2501,17268200
2502,14431100
2503,17127800
2504,17439100
2505,17243800
2506,15586400
2507,17392200
2508,16059500
2509,16441500
2510,16341800
2511,16730600
2512,17500800
2513,15940700
2514,18019000
2515,15780300
2516,17397800
2517,15575700
2518,17132800
2519,15565000
2520,30171100
2521,29505200
2522,8269500
2523,25304800
2524,17024700
2525,17330200
2526,15483800
2527,15750200
2528,16492300
2529,18152500
2530,15811600
2531,17768300
2532,16347700
2533,16418300
2534,16708100
2535,16675600
2536,16686300
2537,15928900
2538,18122000
2539,16974100
2540,15219300
2541,17236800
2542,16397700
2543,15885900
2544,17809700
2545,17588600
2546,15600000
2547,17565400
2548,16924800
2549,15488200
2550,15751600
2551,17477100
2552,16674300
2553,17242600
2554,15098100
2555,18540400
2556,16133000
2557,15386900
2558,16981800
2559,17106800
2560,16341700
2561,16801200
2562,17803000
2563,16055800
2564,15720000
2565,16965200
2566,16849200
2567,16612700
2568,17130500
2569,15768900
2570,17237100
2571,16385400
2572,16753900
2573,17552800
2574,16679500
2575,15756200
2576,16823200
2577,16323100
2578,18418100
2579,15133800
2580,15869900
2581,17072800
2582,16558700
2583,17345600
2584,16113200
2585,16872600
2586,16789100
2587,16067500
2588,16293600
2589,17196500
2590,17760900
2591,16514400
2592,16201700
2593,18862900
2594,14720900
2595,15896000
2596,17525600
2597,15755100
2598,17347400
2599,17485900
2600,15193700
2601,17417100
2602,16672000
2603,17052500
2604,16717400
2605,16761000
2606,16335800
2607,16219700
2608,17173900
2609,16963800
2610,17071000
2611,15575400
2612,17381600
2613,16131300
2614,16299500
2615,17133600
2616,15400700
2617,17631500
2618,17252400
2619,15661700
2620,17815700
2621,15959500
2622,17033400
2623,16751100
2624,17130300
2625,15419200
2626,16565200
2627,18053700
2628,16145700
2629,16312800
2630,17170800
2631,16267700
2632,16252100
2633,16743100
2634,16440300
2635,18081100
2636,16499500
2637,16535000
2638,16875800
2639,16531400
2640,16085400
2641,17520000
2642,15358900
2643,49609700
2644,2268500
2645,29818400
2646,3574200
2647,15930800
2648,16922600
2649,15061100
2650,17084500
2651,17214300
2652,16193200
2653,17449600
2654,17493800
2655,15654700
2656,16967900
2657,16263600
2658,17536700
2659,15603400
2660,16785600
2661,16548800
2662,17117300
2663,16319400
2664,17130800
2665,15912200
2666,18167700
2667,16605900
2668,15276000
2669,16618500
2670,17615300
2671,15924500
2672,17169900
2673,16160200
2674,16166700
2675,16677900
2676,17217300
2677,16445500
2678,16207600
2679,16476900
2680,17323400
2681,17107000
2682,16326000
2683,16007500
2684,17018400
2685,16489000
2686,17343500
2687,16272900
2688,19491600
2689,13784400
2690,17460500
2691,17721900
2692,16249700
2693,16510300
2694,15736800
2695,17085000
2696,16943700
2697,15586200
2698,16890100
2699,17343000
2700,16656200
2701,16681000
2702,17111600
2703,16666200
2704,14900000
2705,19649000
2706,14575300
2707,16257100
2708,16740100
2709,16752800
2710,16280800
2711,16681200
2712,17792300
2713,16180200
2714,15893000
2715,16280400
2716,18120600
2717,15646800
2718,17532400
2719,16236500
2720,17077100
2721,17499800
2722,15431700
2723,16383500
2724,16743200
2725,16961400
2726,16247900
2727,16769200
2728,16547300
2729,17032800
2730,16620300
2731,16163200
2732,17093400
2733,16891700
2734,16496300
2735,17590500
2736,16899300
2737,16508300
2738,16674900
2739,15680500
2740,17587200
2741,14949300
2742,16922600
2743,16915300
2744,16342700
2745,17161500
2746,16399900
2747,16518700
2748,17296000
2749,17074000
2750,15813300
2751,17482300
2752,16592800
2753,17723000
2754,15692000
2755,15817100
2756,17125900
2757,16783100
2758,15638200
2759,16917900
2760,17411300
2761,16189400
2762,17192500
2763,16573900
2764,16620300
2765,16404100
2766,16314400
2767,16233000
2768,17117500
2769,16261300
2770,17164400
2771,16279200
2772,17177700
2773,16457000
2774,17324300
2775,16440400
2776,16370300
2777,16438000
2778,17928700
2779,16584100
2780,16183600
2781,17241100
2782,16262000
2783,16180400
2784,16947700
2785,15894800
2786,17375800
2787,16805400
2788,16639500
2789,16625700
2790,17147100
2791,16474600
2792,16945100
2793,16319200
2794,15852200
2795,16754000
2796,17437300
2797,16820700
2798,16340100
2799,16967600
2800,16000400
2801,16969300
2802,18557000
2803,14150800
2804,32960000
2805,31008200
2806,1733700
2807,32059800
2808,16351000
2809,17503700
2810,16042900
2811,17032800
2812,16425300
2813,17708400
2814,16434400
2815,16121800
2816,16180000
2817,17141500
2818,17694100
2819,16175600
2820,15896100
2821,17211300
2822,16413900
2823,16196000
2824,16743300
2825,16806000
2826,17357500
2827,17248600
2828,15748700
2829,15676100
2830,16451500
2831,16973500
2832,16342800
2833,18588000
2834,16590200
2835,15743200
2836,16990000
2837,15975400
2838,16496800
2839,18884500
2840,15031500
2841,17292800
2842,16589600
2843,15844000
2844,16305100
2845,16797500
2846,16703600
2847,16499700
2848,15880900
2849,17782300
2850,16994700
2851,15826900
2852,17174400
2853,17057700
2854,17104800
2855,15510400
2856,17181600
2857,15751400
2858,16656200
2859,16933000
2860,16912400
2861,16958900
2862,16338900
2863,17216000
2864,15782300
2865,16334500
2866,17547700
2867,16751600
2868,16676000
2869,17107500
2870,17618500
2871,16634700
2872,15805300
2873,15955400
2874,16786000
2875,16330300
2876,16538200
2877,17207100
2878,16632200
2879,16848900
2880,17295500
2881,15066200
2882,17460900
2883,17457800
2884,15469700
2885,17422600
2886,16020000
2887,16619400
2888,16673500
2889,16354000
2890,16311600
2891,16821100
2892,16990900
2893,16893800
2894,16759200
2895,16710300
2896,16570000
2897,17215700
2898,16666400
2899,17099200
2900,16929300
2901,15133200
2902,16291700
2903,17149100
2904,16660700
2905,16876300
2906,16705800
2907,17693700
2908,15022500
2909,16935900
2910,17319000
2911,15932300
2912,17707400
2913,16356500
2914,15865400
2915,17301700
2916,16685000
2917,16115900
2918,16268400
2919,16902100
2920,17929000
2921,15890000
2922,16860000
2923,16884200
2924,16393600
2925,18515200
2926,15149500
2927,15976300
2928,16636600
2929,17625900
2930,16947900
2931,18567000
2932,14663100
2933,17188500
2934,15492500
2935,16625900
2936,17092400
2937,54698600
2938,4144600
2939,2262000
2940,31438800
2941,16340800
2942,17575800
2943,14815800
2944,16750200
2945,16685400
2946,17064500
2947,16115500
2948,17046900
2949,16777100
2950,17587700
2951,16003300
2952,16419900
2953,16050700
2954,17129400
2955,16860700
2956,17103900
2957,16003100
2958,16591000
2959,16913500
2960,17007900
2961,16215600
2962,16584900
2963,17715800
2964,15927800
2965,17049000
2966,15957000
2967,16594000
2968,16498000
2969,16661400
2970,16822000
2971,16313300
2972,17093500
2973,15874100
2974,18508200
2975,15650400
2976,18318900
2977,15142900
2978,17110400
2979,15880200
2980,15838100
2981,17501700
2982,16778000
2983,17008500
2984,16151700
2985,17012300
2986,16826300
2987,16102700
2988,16598500
2989,17072200
2990,17144700
2991,17919600
2992,16760600
2993,14879900
2994,17077000
2995,16081600
2996,17312500
2997,16036700
2998,16049800
2999,17991000
3000,16061600
3001,17013900
3002,16667800
3003,16681600
3004,16387000
3005,16465800
3006,16776000
3007,16684100
3008,17928100
3009,15124900
3010,16829700
3011,16584100
3012,16928800
3013,17112300
3014,16543600
3015,16507600
3016,16025500
3017,17184900
3018,16317300
3019,16371000
3020,16697600
3021,17083200
3022,17495800
3023,15860000
3024,16691300
3025,15952400
3026,17280700
3027,16504100
3028,16670100
3029,17288800
3030,16326100
3031,16633700
3032,16197500
3033,17131100
3034,16748100
3035,16486600
3036,16710800
3037,17149500
3038,16536900
3039,16775100
3040,16236400
3041,16773600
3042,16116700
3043,17277400
3044,16609800
3045,16232900
3046,16499900
3047,16712100
3048,17880100
3049,16890000
3050,15906700
3051,16499700
3052,17247300
3053,18157100
3054,15133100
3055,16747500
3056,16873100
3057,15692900
3058,17306000
3059,15888500
3060,16493100
3061,18677500
3062,15728400
3063,16417000
3064,16550100
3065,16707300
3066,16311800
3067,16601300
3068,16221500
3069,17225700
3070,16585800
3071,16912500
3072,16644700
3073,16168000
3074,16870600
3075,17339100
3076,16022600
3077,16062300
3078,16901500
3079,17802600
3080,16101800
3081,16806300
3082,16878300
3083,17685700
3084,15404100
3085,16591500
3086,16049600
3087,39005200
3088,16211800
3089,5131500
3090,28029700
3091,17468400
3092,15941400
3093,16950700
3094,18546300
3095,14365400
3096,17212800
3097,15770300
3098,16997300
3099,17332000
3100,15777500
3101,17250600
3102,15948400
3103,16322600
3104,16907900
3105,16530000
3106,17250100
3107,16173200
3108,17141600
3109,17316300
3110,16816700
3111,16432500
3112,15939800
3113,18237600
3114,15687500
3115,15980300
3116,17058300
3117,16423200
3118,17066100
3119,16989600
3120,15346500
3121,17149700
3122,17535900
3123,15945800
3124,17020400
3125,17429000
3126,15801500
3127,16360800
3128,16965700
3129,15871700
3130,16564300
3131,18087700
3132,15212600
3133,17650800
3134,16688500
3135,16601200
3136,17765500
3137,16538100
3138,15602100
3139,15860600
3140,17199900
3141,16999400
3142,17227700
3143,15268200
3144,17365500
3145,16855700
3146,16747900
3147,16371100
3148,16439700
3149,17430000
3150,15546600
3151,16919400
3152,16599300
3153,16498200
3154,17187300
3155,16320800
3156,16969500
3157,16163000
3158,17038200
3159,16439200
3160,16426900
3161,17949000
3162,16677100
3163,15874800
3164,16869800
3165,16969700
3166,15506300
3167,16748100
3168,17079900
3169,17398900
3170,16887600
3171,17312900
3172,17205700
3173,15753700
3174,16778800
3175,16075500
3176,17461100
3177,15686200
3178,16609800
3179,17294800
3180,18848800
3181,14771800
3182,15696900
3183,16319100
3184,16186700
3185,17277100
3186,18066800
3187,16356500
3188,15227500
3189,17502800
3190,16863900
3191,16671300
3192,15473600
3193,17138300
3194,17222900
3195,16112700
3196,19725800
3197,13983500
3198,19326600
3199,13610400
3200,17103800
3201,15753800
3202,17074000
3203,17519600
3204,16120000
3205,17753500
3206,16058700
3207,17231700
3208,16442500
3209,16343900
3210,16359100
3211,15957700
3212,18093200
3213,17095500
3214,15996300
3215,16964800
3216,16437100
3217,17534700
3218,15466000
3219,35251900
3220,3401900
3221,46136300
3222,3427300
3223,19732700
3224,15327700
3225,17476500
3226,16625500
3227,16715700
3228,17157100
3229,16357300
3230,17332400
3231,18059600
3232,15962100
3233,16123800
3234,15555700
3235,16992900
3236,16139300
3237,16717600
3238,17500100
3239,16107400
3240,16335700
3241,18102600
3242,15506900
3243,17138300
3244,15963800
3245,16481000
3246,17878600
3247,17019600
3248,16031000
3249,17098500
3250,16668100
3251,16572600
3252,15194300
3253,17062600
3254,16764700
3255,17750900
3256,16072600
3257,16844300
3258,15877500
3259,17589800
3260,15874200
3261,17280100
3262,16238500
3263,17235700
3264,17053400
3265,16182800
3266,16669700
3267,16511500
3268,16411200
3269,16945100
3270,16424000
3271,16345000
3272,17651100
3273,15892400
3274,18356200
3275,15998500
3276,15955900
3277,16005300
3278,17330800
3279,17193000
3280,15825200
3281,16215300
3282,17289700
3283,16097900
3284,16752800
3285,17824800
3286,15628700
3287,17394200
3288,15805400
3289,16226900
3290,17375200
3291,18372200
3292,15448500
3293,16685000
3294,17051200
3295,16671000
3296,16350200
3297,16477400
3298,16096200
3299,17103200
3300,20309600
3301,12463500
3302,17579100
3303,15820200
3304,17363100
3305,16323500
3306,17094000
3307,16007100
3308,16518900
3309,17744400
3310,16182800
3311,16585600
3312,16654100
3313,16525700
3314,16951200
3315,17217300
3316,16567900
3317,16666300
3318,17482300
3319,15593200
3320,16012200
3321,18676400
3322,15362500
3323,16523300
3324,17250200
3325,16162600
3326,17535800
3327,20563000
3328,11193100
3329,17539000
3330,16484200
3331,16127600
3332,16993200
3333,16446300
3334,16322300
3335,16814600
3336,16845200
3337,16297100
3338,17059500
3339,17404400
3340,16472100
3341,16987600
3342,15634100
3343,16355400
3344,16923600
3345,16739800
3346,17150900
3347,16432400
3348,17600600
3349,16170700
3350,18063000
3351,14702500
3352,16873200
3353,16322100
3354,17137500
3355,17014400
3356,16847500
3357,16483200
3358,16576900
3359,16979300
3360,16202400
3361,17273200
3362,15275800
3363,17111800
3364,17269000
3365,17479200
3366,17919400
3367,14617600
3368,15970900
3369,16503500
3370,43930800
3371,1955800
3372,19094400
3373,7383100
3374,11475900
3375,17302300
3376,15931000
3377,16044400
3378,17239100
3379,16833100
3380,16440800
3381,17689100
3382,16920200
3383,15897500
3384,15912100
3385,16967600
3386,16155500
3387,16633100
3388,17264800
3389,16786600
3390,15590900
3391,17544500
3392,16221900
3393,18192500
3394,16010300
3395,16706600
3396,16878500
3397,15642100
3398,17228800
3399,15981300
3400,17131000
3401,17324600
3402,16186800
3403,17368500
3404,15831800
3405,15631100
3406,16597500
3407,17709200
3408,17099300
3409,16097100
3410,16606400
3411,17797500
3412,16335800
3413,16759700
3414,15702300
3415,16662600
3416,16828600
3417,16576400
3418,16514700
3419,17186800
3420,16352100
3421,16816600
3422,17108000
3423,16114100
3424,15883000
3425,17904000
3426,17208700
3427,16081900
3428,16871100
3429,17138400
3430,16228200
3431,16529700
3432,15425900
3433,17765300
3434,16343100
3435,17697200
3436,17003200
3437,16392400
3438,15126500
3439,16855900
3440,17360200
3441,16788800
3442,15526500
3443,17464800
3444,18332200
3445,15124200
3446,16841800
3447,16359500
3448,16700900
3449,16850800
3450,16153600
3451,16073800
3452,18086400
3453,15439300
3454,17131800
3455,16232300
3456,17484500
3457,17185000
3458,15816500
3459,16964100
3460,16467100
3461,16738200
3462,16806900
3463,16480900
3464,16891100
3465,16989900
3466,16617300
3467,16007600
3468,17490300
3469,15126600
3470,18473900
3471,18092300
3472,15032600
3473,16688400
3474,17129400
3475,15519400
3476,15681700
3477,17158000
3478,16821000
3479,16121800
3480,19583400
3481,19722200
3482,12621300
3483,15798000
3484,16173000
3485,16490100
3486,17514400
3487,15396600
3488,18205400
3489,15933800
3490,16857900
3491,17474900
3492,16466800
3493,16856200
3494,16359000
3495,16427000
3496,16948700
3497,17278000
3498,16671600
3499,15859000
3500,17769200
3501,16647100
3502,15428500
3503,17035300
3504,45234400
3505,4205600
3506,4032000
3507,34742700
3508,2388700
3509,37009800
3510,11728800
3511,14103800
3512,17503500
3513,16523800
3514,16811900
3515,15368300
3516,17821300
3517,16959000
3518,15843500
3519,16073700
3520,17337800
3521,16484200
3522,16784600
3523,16292000
3524,16800500
3525,17828700
3526,16186000
3527,16359600
3528,16300400
3529,16253000
3530,16742700
3531,16899200
3532,17265800
3533,16393800
3534,15912300
3535,17302700
3536,16497600
3537,17233500
3538,16845900
3539,15543500
3540,18296800
3541,16405000
3542,16598200
3543,16594800
3544,16658600
3545,17010800
3546,15835100
3547,16728200
3548,16933200
3549,16427500
3550,17826500
3551,15423800
3552,16902000
3553,17352300
3554,16768300
3555,15500000
3556,16965100
3557,16399300
3558,16174600
3559,18286500
3560,15470500
3561,16862600
3562,16633800
3563,16234100
3564,17142200
3565,15644400
3566,18219800
3567,16941500
3568,18109100
3569,15166400
3570,15979200
3571,16742300
3572,16000400
3573,17174100
3574,16821100
3575,16535600
3576,16605200
3577,17158700
3578,16424000
3579,16592300
3580,16450400
3581,17302600
3582,16445000
3583,16798800
3584,16564600
3585,16508900
3586,16733200
3587,16849200
3588,16156700
3589,16470300
3590,16539500
3591,16553100
3592,16658300
3593,17083900
3594,17310600
3595,17698600
3596,15458600
3597,16006100
3598,17459800
3599,16202000
3600,17118500
3601,16965500
3602,16432300
3603,16444400
3604,16987200
3605,16547700
3606,16537100
3607,17431500
3608,16042000
3609,15326500
3610,17108400
3611,16677200
3612,17421600
3613,15908200
3614,16952400
3615,17581100
3616,15880200
3617,19031200
3618,15712300
3619,16330800
3620,15735200
3621,16983300
3622,16471700
3623,17021100
3624,15380700
3625,17588000
3626,16425100
3627,16255700
3628,17003300
3629,16785400
3630,17064000
3631,15857100
3632,18000400
3633,16568800
3634,17383200
3635,16642300
3636,15854300
3637,15592500
3638,16535400
3639,16851700
3640,16137600
3641,18385600
3642,15119700
3643,17443000
3644,16247900
3645,16575900
3646,17053700
3647,17489700
3648,16463000
3649,16298800
3650,17691000
3651,16024500
3652,16944400
3653,15936400
3654,17643000
3655,66002500
3656,12781100
3657,1521800
3658,28548400
3659,15710800
3660,17827700
3661,16459500
3662,15412500
3663,18208300
3664,16253100
3665,15721600
3666,16889600
3667,16070100
3668,17110900
3669,16528800
3670,17890100
3671,15702600
3672,18145400
3673,14617800
3674,16763800
3675,16500100
3676,16908000
3677,16610000
3678,17816900
3679,15840700
3680,15349200
3681,18454900
3682,17140000
3683,16444800
3684,16483000
3685,16047500
3686,16053800
3687,17801300
3688,16237900
3689,15651500
3690,17853400
3691,16232800
3692,16306600
3693,17152600
3694,16775800
3695,16752800
3696,16189800
3697,17152900
3698,15738400
3699,17544200
3700,16793800
3701,15769300
3702,17510100
3703,17423900
3704,15802700
3705,17923900
3706,15181400
3707,15888700
3708,18530700
3709,17148200
3710,16169600
3711,15333000
3712,18337200
3713,15695200
3714,16929500
3715,16034400
3716,16131000
3717,16986100
3718,16779600
3719,16486500
3720,17139600
3721,16118000
3722,16865800
3723,17194200
3724,16319200
3725,16806400
3726,15948100
3727,17995400
3728,16143600
3729,16398700
3730,17809500
3731,15773100
3732,17085900
3733,15420500
3734,17160100
3735,16962500
3736,15725900
3737,17415400
3738,17024100
3739,15938300
3740,16597900
3741,17020200
3742,16879500
3743,15843400
3744,16994700
3745,18230500
3746,15064300
3747,16680800
3748,16909300
3749,16847500
3750,17851600
3751,15915700
3752,15738700
3753,16891800
3754,16726900
3755,16218300
3756,16855400
3757,16549600
3758,17365400
3759,17054100
3760,15744700
3761,16569200
3762,17903900
3763,16802300
3764,15294100
3765,19505000
3766,16706600
3767,15523400
3768,18016400
3769,15441400
3770,15979800
3771,16055700
3772,16848700
3773,16602200
3774,16620800
3775,16762600
3776,16267200
3777,17134400
3778,16338700
3779,18118900
3780,15084800
3781,17144400
3782,16790500
3783,15940500
3784,18396900
3785,15863800
3786,16050700
3787,15977900
3788,42788200
3789,19968400
3790,6600300
3791,26531200
3792,16334500
3793,16910600
3794,15484000
3795,16721600
3796,16594100
3797,16971900
3798,17260900
3799,16473700
3800,17523300
3801,15744000
3802,16675400
3803,15864200
3804,16642500
3805,16879800
3806,17938400
3807,16251100
3808,16092600
3809,16358100
3810,16960500
3811,17356900
3812,16235200
3813,16554700
3814,16370300
3815,17898000
3816,16156200
3817,17092600
3818,16877900
3819,16918200
3820,15090700
3821,17233300
3822,16343000
3823,17384000
3824,16739300
3825,16733500
3826,16448800
3827,16067600
3828,17440400
3829,15772400
3830,16935200
3831,16714700
3832,17244000
3833,16213100
3834,15992100
3835,18392900
3836,16723800
3837,16951100
3838,16912400
3839,15015000
3840,16875600
3841,17069700
3842,16652900
3843,18421700
3844,15084000
3845,17710800
3846,14785300
3847,16589900
3848,16341300
3849,18014800
3850,16358600
3851,18126300
3852,14797100
3853,17622800
3854,17743200
3855,15586300
3856,16687800
3857,15274000
3858,17492800
3859,16230100
3860,17263500
3861,17063600
