i,elapsed_ms,working_set_bytes,private_memory_bytes
0,16,2076672,405504
1,5062,7090176,4956160
2,10088,7000064,4956160
3,15125,6598656,4956160
4,20154,5959680,3993600
5,25211,5570560,3993600
6,30240,6549504,4874240
7,35291,5636096,3911680
8,40328,6074368,3911680
9,45341,7053312,4874240
10,50363,6074368,3911680
11,55402,5861376,3911680
12,60434,5558272,3911680
13,65467,5644288,3911680
14,70516,5795840,3911680
15,75570,5816320,3911680
16,80623,5791744,3911680
17,85666,5713920,3911680
18,90719,5365760,3911680
19,95737,5500928,3911680
20,100776,5996544,3911680
21,105820,5877760,3911680
22,110894,6205440,4874240
23,115966,5828608,3911680
24,121038,6053888,3911680
25,126085,6049792,3911680
26,131130,6762496,4874240
27,136186,5976064,3911680
28,141245,6004736,3911680
29,146261,7061504,4874240
30,151278,6070272,3911680
31,156318,6074368,3911680
32,161390,5996544,3911680
33,166455,5312512,3911680
34,171508,6217728,4874240
35,176627,6344704,4874240
36,181721,6524928,4874240
37,186753,5804032,3911680
38,191799,5898240,3911680
39,196837,6963200,4874240
40,201897,6352896,4874240
41,207016,5963776,3911680
42,212053,7045120,4874240
43,217084,5988352,3911680
44,222222,5545984,3911680
45,227264,5898240,3911680
46,232280,6004736,3911680
47,237307,5967872,3911680
48,242354,5967872,3911680
49,247413,5472256,3911680
50,252453,6967296,4874240
51,257486,6647808,4874240
52,262526,6397952,4874240
53,267552,6062080,3911680
54,272600,5685248,3911680
55,277673,6877184,4874240
56,282720,5484544,3911680
57,287762,6737920,4874240
58,292805,6127616,4874240
59,297830,6008832,3911680
60,302862,6049792,3911680
61,307916,6107136,3911680
62,312944,5877760,3911680
63,317964,7069696,4874240
64,323014,6307840,4874240
65,328059,6221824,4874240
66,333084,5816320,3911680
67,338113,6778880,4874240
68,343187,5582848,3911680
69,348200,6668288,4874240
70,353224,5914624,3911680
71,358247,5582848,3911680
72,363262,7102464,4874240
73,368303,7016448,4874240
74,373347,7057408,4874240
75,378398,6238208,4874240
76,383412,6066176,3911680
77,388436,5746688,3911680
78,393469,7086080,4874240
79,398500,5754880,3911680
80,403569,6074368,3878912
81,408608,5427200,3878912
82,413632,5971968,3878912
83,418673,5570560,3878912
84,423703,6938624,4841472
85,428738,6967296,4841472
86,433777,6443008,4841472
87,438815,5513216,3878912
88,443881,5963776,3878912
89,448926,5599232,3878912
90,454029,5615616,3878912
91,459078,5734400,3878912
92,464151,6189056,4841472
93,469177,6066176,3878912
94,474205,5763072,3878912
95,479249,6905856,4841472
96,484415,6336512,4841472
97,489442,7032832,4841472
98,494475,5615616,3878912
99,499495,6909952,4841472
100,504547,5427200,3878912
101,509602,6914048,4841472
102,514646,5529600,3878912
103,519662,6070272,3878912
104,524687,5660672,3878912
105,529724,7020544,4841472
106,534738,6979584,4841472
107,539786,7081984,4841472
108,544824,7081984,4841472
109,549858,7081984,4841472
110,554879,7081984,4841472
111,559928,7081984,4841472
112,564947,7081984,4841472
113,569975,7069696,4841472
114,575025,7081984,4841472
115,580037,7081984,4841472
116,585052,7081984,4841472
117,590072,5783552,3878912
118,595130,7081984,4841472
119,600171,6995968,4898816
120,605222,7098368,4866048
121,610236,7098368,4866048
122,615255,7098368,4866048
123,620264,6103040,3903488
124,625277,5742592,3903488
125,630302,7098368,4866048
126,635373,6946816,4866048
127,640386,7098368,4866048
128,645427,7098368,4866048
129,650443,7098368,4866048
130,655466,7098368,4866048
131,660498,7098368,4866048
132,665514,7098368,4866048
133,670553,7086080,4874240
